category_name,positionLevels,required_qualification,skills
Accounting / Auditing / Taxation,Executive,"Bachelor's Degree in related field, 2-4 years experience.","Financial reporting, GAAP/IFRS, Tax preparation, Microsoft Excel, Auditing, Analytical thinking, Attention to detail."
Sales / Retail,Executive,"Bachelor's Degree in related field, 2-4 years experience.","Negotiation, Customer service, Client relationship management (CRM), Product knowledge, Persuasion, Sales forecasting."
Building and Construction,Executive,"Bachelor's Degree in related field, 2-4 years experience.","Project coordination, Site supervision, Safety compliance (OSHA), Technical drawing interpretation, Budgeting, Vendor management."
Human Resources,Executive,"Bachelor's Degree in related field, 2-4 years experience.","Recruitment, Payroll administration, Employee relations, Labor law knowledge, HRIS (e.g., Workday, SAP), Talent management."
Sales / Retail,Manager,"Bachelor's Degree, 5-8 years experience, Team management skills.","Negotiation, Customer service, Client relationship management (CRM), Product knowledge, Persuasion, Sales forecasting."
Building and Construction,Manager,"Bachelor's Degree, 5-8 years experience, Team management skills.","Project coordination, Site supervision, Safety compliance (OSHA), Technical drawing interpretation, Budgeting, Vendor management."
Admin / Secretarial,Junior Executive,"Diploma or Bachelor's Degree in related field, 1-2 years experience.","Office administration, Microsoft Office Suite, Scheduling, Verbal & Written Communication, Organization, Multi-tasking."
Engineering,Executive,"Bachelor's Degree in related field, 2-4 years experience.","Technical analysis, Problem-solving, CAD/CAM software, Project management, Technical documentation, Quality assurance."
Admin / Secretarial,Fresh/entry level,"Diploma or Bachelor's Degree in related field, 0-1 years experience.","Office administration, Microsoft Office Suite, Scheduling, Verbal & Written Communication, Organization, Multi-tasking."
Sales / Retail,Junior Executive,"Diploma or Bachelor's Degree in related field, 1-2 years experience.","Negotiation, Customer service, Client relationship management (CRM), Product knowledge, Persuasion, Sales forecasting."
Marketing / Public Relations,Executive,"Bachelor's Degree in related field, 2-4 years experience.","Social media management, Digital marketing (SEO/SEM), Content creation, Market research, Communication, Branding, Analytics."
Admin / Secretarial,Executive,"Bachelor's Degree in related field, 2-4 years experience.","Office administration, Microsoft Office Suite, Scheduling, Verbal & Written Communication, Organization, Multi-tasking."
Others,Professional,"Specialized Certification or Professional License (e.g., CPA, PE, PMP).","Problem-solving, Adaptability, Teamwork, Communication, Time management, Industry-specific technical knowledge."
Accounting / Auditing / Taxation,Junior Executive,"Diploma or Bachelor's Degree in related field, 1-2 years experience.","Financial reporting, GAAP/IFRS, Tax preparation, Microsoft Excel, Auditing, Analytical thinking, Attention to detail."
F&B,Executive,"Bachelor's Degree in related field, 2-4 years experience.","Culinary skills, Customer service, Food safety & hygiene standards, Team coordination, Inventory management."
Admin / Secretarial,Non-executive,"Bachelor's Degree in related field, 2-4 years experience.","Office administration, Microsoft Office Suite, Scheduling, Verbal & Written Communication, Organization, Multi-tasking."
Logistics / Supply Chain,Non-executive,"Bachelor's Degree in related field, 2-4 years experience.","Inventory control, Warehouse management, Supply chain optimization, Logistics software, Shipping/Receiving coordination."
Accounting / Auditing / Taxation,Manager,"Bachelor's Degree, 5-8 years experience, Team management skills.","Financial reporting, GAAP/IFRS, Tax preparation, Microsoft Excel, Auditing, Analytical thinking, Attention to detail."
Information Technology,Manager,"Bachelor's Degree, 5-8 years experience, Team management skills.","Programming languages (Java, Python, C++, SQL), Software Development Life Cycle (SDLC), Cloud computing (AWS/Azure), Cybersecurity, Troubleshooting."
Accounting / Auditing / Taxation,Senior Executive,"Bachelor's Degree in related field, Professional Certification often required, 5+ years experience.","Financial reporting, GAAP/IFRS, Tax preparation, Microsoft Excel, Auditing, Analytical thinking, Attention to detail."
General Management,Professional,"Specialized Certification or Professional License (e.g., CPA, PE, PMP).","Problem-solving, Adaptability, Teamwork, Communication, Time management, Industry-specific technical knowledge."
Engineering,Manager,"Bachelor's Degree, 5-8 years experience, Team management skills.","Technical analysis, Problem-solving, CAD/CAM software, Project management, Technical documentation, Quality assurance."
Information Technology,Executive,"Bachelor's Degree in related field, 2-4 years experience.","Programming languages (Java, Python, C++, SQL), Software Development Life Cycle (SDLC), Cloud computing (AWS/Azure), Cybersecurity, Troubleshooting."
Human Resources,Manager,"Bachelor's Degree, 5-8 years experience, Team management skills.","Recruitment, Payroll administration, Employee relations, Labor law knowledge, HRIS (e.g., Workday, SAP), Talent management."
Marketing / Public Relations,Manager,"Bachelor's Degree, 5-8 years experience, Team management skills.","Social media management, Digital marketing (SEO/SEM), Content creation, Market research, Communication, Branding, Analytics."
F&B,Fresh/entry level,"Diploma or Bachelor's Degree in related field, 0-1 years experience.","Culinary skills, Customer service, Food safety & hygiene standards, Team coordination, Inventory management."
Sciences / Laboratory / R&D,Professional,"Specialized Certification or Professional License (e.g., CPA, PE, PMP).","Problem-solving, Adaptability, Teamwork, Communication, Time management, Industry-specific technical knowledge."
Engineering,Junior Executive,"Diploma or Bachelor's Degree in related field, 1-2 years experience.","Technical analysis, Problem-solving, CAD/CAM software, Project management, Technical documentation, Quality assurance."
Customer Service,Fresh/entry level,"Diploma or Bachelor's Degree in related field, 0-1 years experience.","Problem-solving, Adaptability, Teamwork, Communication, Time management, Industry-specific technical knowledge."
F&B,Manager,"Bachelor's Degree, 5-8 years experience, Team management skills.","Culinary skills, Customer service, Food safety & hygiene standards, Team coordination, Inventory management."
Healthcare / Pharmaceutical,Executive,"Bachelor's Degree in related field, 2-4 years experience.","Patient care, Clinical knowledge, Medical record keeping, Communication, Empathy, Compliance with health regulations."
Customer Service,Junior Executive,"Diploma or Bachelor's Degree in related field, 1-2 years experience.","Problem-solving, Adaptability, Teamwork, Communication, Time management, Industry-specific technical knowledge."
Marketing / Public Relations,Junior Executive,"Diploma or Bachelor's Degree in related field, 1-2 years experience.","Social media management, Digital marketing (SEO/SEM), Content creation, Market research, Communication, Branding, Analytics."
Engineering,Senior Executive,"Bachelor's Degree in related field, Professional Certification often required, 5+ years experience.","Technical analysis, Problem-solving, CAD/CAM software, Project management, Technical documentation, Quality assurance."
Customer Service,Executive,"Bachelor's Degree in related field, 2-4 years experience.","Problem-solving, Adaptability, Teamwork, Communication, Time management, Industry-specific technical knowledge."
Human Resources,Senior Executive,"Bachelor's Degree in related field, Professional Certification often required, 5+ years experience.","Recruitment, Payroll administration, Employee relations, Labor law knowledge, HRIS (e.g., Workday, SAP), Talent management."
F&B,Non-executive,"Bachelor's Degree in related field, 2-4 years experience.","Culinary skills, Customer service, Food safety & hygiene standards, Team coordination, Inventory management."
Building and Construction,Junior Executive,"Diploma or Bachelor's Degree in related field, 1-2 years experience.","Project coordination, Site supervision, Safety compliance (OSHA), Technical drawing interpretation, Budgeting, Vendor management."
F&B,Professional,"Specialized Certification or Professional License (e.g., CPA, PE, PMP).","Culinary skills, Customer service, Food safety & hygiene standards, Team coordination, Inventory management."
General Management,Manager,"Bachelor's Degree, 5-8 years experience, Team management skills.","Problem-solving, Adaptability, Teamwork, Communication, Time management, Industry-specific technical knowledge."
Information Technology,Senior Executive,"Bachelor's Degree in related field, Professional Certification often required, 5+ years experience.","Programming languages (Java, Python, C++, SQL), Software Development Life Cycle (SDLC), Cloud computing (AWS/Azure), Cybersecurity, Troubleshooting."
Information Technology,Professional,"Specialized Certification or Professional License (e.g., CPA, PE, PMP).","Programming languages (Java, Python, C++, SQL), Software Development Life Cycle (SDLC), Cloud computing (AWS/Azure), Cybersecurity, Troubleshooting."
Human Resources,Junior Executive,"Diploma or Bachelor's Degree in related field, 1-2 years experience.","Recruitment, Payroll administration, Employee relations, Labor law knowledge, HRIS (e.g., Workday, SAP), Talent management."
Customer Service,Non-executive,"Bachelor's Degree in related field, 2-4 years experience.","Problem-solving, Adaptability, Teamwork, Communication, Time management, Industry-specific technical knowledge."
Building and Construction,Senior Executive,"Bachelor's Degree in related field, Professional Certification often required, 5+ years experience.","Project coordination, Site supervision, Safety compliance (OSHA), Technical drawing interpretation, Budgeting, Vendor management."
Logistics / Supply Chain,Junior Executive,"Diploma or Bachelor's Degree in related field, 1-2 years experience.","Inventory control, Warehouse management, Supply chain optimization, Logistics software, Shipping/Receiving coordination."
Admin / Secretarial,Manager,"Bachelor's Degree, 5-8 years experience, Team management skills.","Office administration, Microsoft Office Suite, Scheduling, Verbal & Written Communication, Organization, Multi-tasking."
Engineering,Non-executive,"Bachelor's Degree in related field, 2-4 years experience.","Technical analysis, Problem-solving, CAD/CAM software, Project management, Technical documentation, Quality assurance."
Logistics / Supply Chain,Executive,"Bachelor's Degree in related field, 2-4 years experience.","Inventory control, Warehouse management, Supply chain optimization, Logistics software, Shipping/Receiving coordination."
Marketing / Public Relations,Fresh/entry level,"Diploma or Bachelor's Degree in related field, 0-1 years experience.","Social media management, Digital marketing (SEO/SEM), Content creation, Market research, Communication, Branding, Analytics."
Admin / Secretarial,Senior Management,"Master's Degree or MBA, Executive leadership experience, 12+ years experience.","Office administration, Microsoft Office Suite, Scheduling, Verbal & Written Communication, Organization, Multi-tasking."
Accounting / Auditing / Taxation,Non-executive,"Bachelor's Degree in related field, 2-4 years experience.","Financial reporting, GAAP/IFRS, Tax preparation, Microsoft Excel, Auditing, Analytical thinking, Attention to detail."
Banking and Finance,Executive,"Bachelor's Degree in related field, 2-4 years experience.","Problem-solving, Adaptability, Teamwork, Communication, Time management, Industry-specific technical knowledge."
Human Resources,Fresh/entry level,"Diploma or Bachelor's Degree in related field, 0-1 years experience.","Recruitment, Payroll administration, Employee relations, Labor law knowledge, HRIS (e.g., Workday, SAP), Talent management."
General Work,Professional,"Specialized Certification or Professional License (e.g., CPA, PE, PMP).","Problem-solving, Adaptability, Teamwork, Communication, Time management, Industry-specific technical knowledge."
Accounting / Auditing / Taxation,Fresh/entry level,"Diploma or Bachelor's Degree in related field, 0-1 years experience.","Financial reporting, GAAP/IFRS, Tax preparation, Microsoft Excel, Auditing, Analytical thinking, Attention to detail."
Banking and Finance,Manager,"Bachelor's Degree, 5-8 years experience, Team management skills.","Problem-solving, Adaptability, Teamwork, Communication, Time management, Industry-specific technical knowledge."
Personal Care / Beauty,Non-executive,"Bachelor's Degree in related field, 2-4 years experience.","Problem-solving, Adaptability, Teamwork, Communication, Time management, Industry-specific technical knowledge."
Architecture / Interior Design,Executive,"Bachelor's Degree in related field, 2-4 years experience.","Programming languages (Java, Python, C++, SQL), Software Development Life Cycle (SDLC), Cloud computing (AWS/Azure), Cybersecurity, Troubleshooting."
F&B,Middle Management,"Bachelor's or Master's Degree, Leadership training, 8-10 years experience.","Culinary skills, Customer service, Food safety & hygiene standards, Team coordination, Inventory management."
Others,Junior Executive,"Diploma or Bachelor's Degree in related field, 1-2 years experience.","Problem-solving, Adaptability, Teamwork, Communication, Time management, Industry-specific technical knowledge."
Personal Care / Beauty,Middle Management,"Bachelor's or Master's Degree, Leadership training, 8-10 years experience.","Problem-solving, Adaptability, Teamwork, Communication, Time management, Industry-specific technical knowledge."
Marketing / Public Relations,Senior Executive,"Bachelor's Degree in related field, Professional Certification often required, 5+ years experience.","Social media management, Digital marketing (SEO/SEM), Content creation, Market research, Communication, Branding, Analytics."
Engineering,Professional,"Specialized Certification or Professional License (e.g., CPA, PE, PMP).","Technical analysis, Problem-solving, CAD/CAM software, Project management, Technical documentation, Quality assurance."
Logistics / Supply Chain,Fresh/entry level,"Diploma or Bachelor's Degree in related field, 0-1 years experience.","Inventory control, Warehouse management, Supply chain optimization, Logistics software, Shipping/Receiving coordination."
Repair and Maintenance,Non-executive,"Bachelor's Degree in related field, 2-4 years experience.","Problem-solving, Adaptability, Teamwork, Communication, Time management, Industry-specific technical knowledge."
Personal Care / Beauty,Executive,"Bachelor's Degree in related field, 2-4 years experience.","Problem-solving, Adaptability, Teamwork, Communication, Time management, Industry-specific technical knowledge."
Consulting,Fresh/entry level,"Diploma or Bachelor's Degree in related field, 0-1 years experience.","Problem-solving, Adaptability, Teamwork, Communication, Time management, Industry-specific technical knowledge."
Others,Manager,"Bachelor's Degree, 5-8 years experience, Team management skills.","Problem-solving, Adaptability, Teamwork, Communication, Time management, Industry-specific technical knowledge."
Consulting,Senior Executive,"Bachelor's Degree in related field, Professional Certification often required, 5+ years experience.","Problem-solving, Adaptability, Teamwork, Communication, Time management, Industry-specific technical knowledge."
Sales / Retail,Senior Management,"Master's Degree or MBA, Executive leadership experience, 12+ years experience.","Negotiation, Customer service, Client relationship management (CRM), Product knowledge, Persuasion, Sales forecasting."
Information Technology,Junior Executive,"Diploma or Bachelor's Degree in related field, 1-2 years experience.","Programming languages (Java, Python, C++, SQL), Software Development Life Cycle (SDLC), Cloud computing (AWS/Azure), Cybersecurity, Troubleshooting."
Sales / Retail,Senior Executive,"Bachelor's Degree in related field, Professional Certification often required, 5+ years experience.","Negotiation, Customer service, Client relationship management (CRM), Product knowledge, Persuasion, Sales forecasting."
Purchasing / Merchandising,Executive,"Bachelor's Degree in related field, 2-4 years experience.","Problem-solving, Adaptability, Teamwork, Communication, Time management, Industry-specific technical knowledge."
General Work,Non-executive,"Bachelor's Degree in related field, 2-4 years experience.","Problem-solving, Adaptability, Teamwork, Communication, Time management, Industry-specific technical knowledge."
Healthcare / Pharmaceutical,Non-executive,"Bachelor's Degree in related field, 2-4 years experience.","Patient care, Clinical knowledge, Medical record keeping, Communication, Empathy, Compliance with health regulations."
Admin / Secretarial,Senior Executive,"Bachelor's Degree in related field, Professional Certification often required, 5+ years experience.","Office administration, Microsoft Office Suite, Scheduling, Verbal & Written Communication, Organization, Multi-tasking."
Building and Construction,Non-executive,"Bachelor's Degree in related field, 2-4 years experience.","Project coordination, Site supervision, Safety compliance (OSHA), Technical drawing interpretation, Budgeting, Vendor management."
Sales / Retail,Fresh/entry level,"Diploma or Bachelor's Degree in related field, 0-1 years experience.","Negotiation, Customer service, Client relationship management (CRM), Product knowledge, Persuasion, Sales forecasting."
F&B,Junior Executive,"Diploma or Bachelor's Degree in related field, 1-2 years experience.","Culinary skills, Customer service, Food safety & hygiene standards, Team coordination, Inventory management."
Education and Training,Executive,"Bachelor's Degree in related field, 2-4 years experience.","Curriculum development, Classroom management, Instructional skills, Student assessment, Communication, Subject matter expertise."
Security and Investigation,Non-executive,"Bachelor's Degree in related field, 2-4 years experience.","Programming languages (Java, Python, C++, SQL), Software Development Life Cycle (SDLC), Cloud computing (AWS/Azure), Cybersecurity, Troubleshooting."
Marketing / Public Relations,Middle Management,"Bachelor's or Master's Degree, Leadership training, 8-10 years experience.","Social media management, Digital marketing (SEO/SEM), Content creation, Market research, Communication, Branding, Analytics."
Sales / Retail,Non-executive,"Bachelor's Degree in related field, 2-4 years experience.","Negotiation, Customer service, Client relationship management (CRM), Product knowledge, Persuasion, Sales forecasting."
Accounting / Auditing / Taxation,Professional,"Specialized Certification or Professional License (e.g., CPA, PE, PMP).","Financial reporting, GAAP/IFRS, Tax preparation, Microsoft Excel, Auditing, Analytical thinking, Attention to detail."
Healthcare / Pharmaceutical,Professional,"Specialized Certification or Professional License (e.g., CPA, PE, PMP).","Patient care, Clinical knowledge, Medical record keeping, Communication, Empathy, Compliance with health regulations."
Building and Construction,Professional,"Specialized Certification or Professional License (e.g., CPA, PE, PMP).","Project coordination, Site supervision, Safety compliance (OSHA), Technical drawing interpretation, Budgeting, Vendor management."
Healthcare / Pharmaceutical,Junior Executive,"Diploma or Bachelor's Degree in related field, 1-2 years experience.","Patient care, Clinical knowledge, Medical record keeping, Communication, Empathy, Compliance with health regulations."
Manufacturing,Executive,"Bachelor's Degree in related field, 2-4 years experience.","Production planning, Lean manufacturing, Six Sigma, Quality control, Equipment maintenance, Safety protocols."
Wholesale Trade,Executive,"Bachelor's Degree in related field, 2-4 years experience.","Problem-solving, Adaptability, Teamwork, Communication, Time management, Industry-specific technical knowledge."
Customer Service,Manager,"Bachelor's Degree, 5-8 years experience, Team management skills.","Problem-solving, Adaptability, Teamwork, Communication, Time management, Industry-specific technical knowledge."
General Management,Executive,"Bachelor's Degree in related field, 2-4 years experience.","Problem-solving, Adaptability, Teamwork, Communication, Time management, Industry-specific technical knowledge."
Customer Service,Senior Executive,"Bachelor's Degree in related field, Professional Certification often required, 5+ years experience.","Problem-solving, Adaptability, Teamwork, Communication, Time management, Industry-specific technical knowledge."
Hospitality,Fresh/entry level,"Diploma or Bachelor's Degree in related field, 0-1 years experience.","Programming languages (Java, Python, C++, SQL), Software Development Life Cycle (SDLC), Cloud computing (AWS/Azure), Cybersecurity, Troubleshooting."
Telecommunications,Senior Executive,"Bachelor's Degree in related field, Professional Certification often required, 5+ years experience.","Problem-solving, Adaptability, Teamwork, Communication, Time management, Industry-specific technical knowledge."
Education and Training,Fresh/entry level,"Diploma or Bachelor's Degree in related field, 0-1 years experience.","Curriculum development, Classroom management, Instructional skills, Student assessment, Communication, Subject matter expertise."
Consulting,Executive,"Bachelor's Degree in related field, 2-4 years experience.","Problem-solving, Adaptability, Teamwork, Communication, Time management, Industry-specific technical knowledge."
Social Services,Executive,"Bachelor's Degree in related field, 2-4 years experience.","Problem-solving, Adaptability, Teamwork, Communication, Time management, Industry-specific technical knowledge."
Others,Non-executive,"Bachelor's Degree in related field, 2-4 years experience.","Problem-solving, Adaptability, Teamwork, Communication, Time management, Industry-specific technical knowledge."
Others,Fresh/entry level,"Diploma or Bachelor's Degree in related field, 0-1 years experience.","Problem-solving, Adaptability, Teamwork, Communication, Time management, Industry-specific technical knowledge."
Marketing / Public Relations,Senior Management,"Master's Degree or MBA, Executive leadership experience, 12+ years experience.","Social media management, Digital marketing (SEO/SEM), Content creation, Market research, Communication, Branding, Analytics."
Personal Care / Beauty,Professional,"Specialized Certification or Professional License (e.g., CPA, PE, PMP).","Problem-solving, Adaptability, Teamwork, Communication, Time management, Industry-specific technical knowledge."
Engineering,Fresh/entry level,"Diploma or Bachelor's Degree in related field, 0-1 years experience.","Technical analysis, Problem-solving, CAD/CAM software, Project management, Technical documentation, Quality assurance."
Advertising / Media,Fresh/entry level,"Diploma or Bachelor's Degree in related field, 0-1 years experience.","Problem-solving, Adaptability, Teamwork, Communication, Time management, Industry-specific technical knowledge."
Architecture / Interior Design,Junior Executive,"Diploma or Bachelor's Degree in related field, 1-2 years experience.","Programming languages (Java, Python, C++, SQL), Software Development Life Cycle (SDLC), Cloud computing (AWS/Azure), Cybersecurity, Troubleshooting."
Information Technology,Fresh/entry level,"Diploma or Bachelor's Degree in related field, 0-1 years experience.","Programming languages (Java, Python, C++, SQL), Software Development Life Cycle (SDLC), Cloud computing (AWS/Azure), Cybersecurity, Troubleshooting."
Legal,Senior Executive,"Bachelor's Degree in related field, Professional Certification often required, 5+ years experience.","Problem-solving, Adaptability, Teamwork, Communication, Time management, Industry-specific technical knowledge."
Banking and Finance,Fresh/entry level,"Diploma or Bachelor's Degree in related field, 0-1 years experience.","Problem-solving, Adaptability, Teamwork, Communication, Time management, Industry-specific technical knowledge."
Legal,Executive,"Bachelor's Degree in related field, 2-4 years experience.","Problem-solving, Adaptability, Teamwork, Communication, Time management, Industry-specific technical knowledge."
Advertising / Media,Executive,"Bachelor's Degree in related field, 2-4 years experience.","Problem-solving, Adaptability, Teamwork, Communication, Time management, Industry-specific technical knowledge."
Consulting,Manager,"Bachelor's Degree, 5-8 years experience, Team management skills.","Problem-solving, Adaptability, Teamwork, Communication, Time management, Industry-specific technical knowledge."
Design,Executive,"Bachelor's Degree in related field, 2-4 years experience.","Problem-solving, Adaptability, Teamwork, Communication, Time management, Industry-specific technical knowledge."
Events / Promotions,Executive,"Bachelor's Degree in related field, 2-4 years experience.","Problem-solving, Adaptability, Teamwork, Communication, Time management, Industry-specific technical knowledge."
General Management,Fresh/entry level,"Diploma or Bachelor's Degree in related field, 0-1 years experience.","Problem-solving, Adaptability, Teamwork, Communication, Time management, Industry-specific technical knowledge."
Legal,Fresh/entry level,"Diploma or Bachelor's Degree in related field, 0-1 years experience.","Problem-solving, Adaptability, Teamwork, Communication, Time management, Industry-specific technical knowledge."
Others,Executive,"Bachelor's Degree in related field, 2-4 years experience.","Problem-solving, Adaptability, Teamwork, Communication, Time management, Industry-specific technical knowledge."
General Management,Senior Management,"Master's Degree or MBA, Executive leadership experience, 12+ years experience.","Problem-solving, Adaptability, Teamwork, Communication, Time management, Industry-specific technical knowledge."
Healthcare / Pharmaceutical,Fresh/entry level,"Diploma or Bachelor's Degree in related field, 0-1 years experience.","Patient care, Clinical knowledge, Medical record keeping, Communication, Empathy, Compliance with health regulations."
Advertising / Media,Junior Executive,"Diploma or Bachelor's Degree in related field, 1-2 years experience.","Problem-solving, Adaptability, Teamwork, Communication, Time management, Industry-specific technical knowledge."
Banking and Finance,Junior Executive,"Diploma or Bachelor's Degree in related field, 1-2 years experience.","Problem-solving, Adaptability, Teamwork, Communication, Time management, Industry-specific technical knowledge."
Events / Promotions,Junior Executive,"Diploma or Bachelor's Degree in related field, 1-2 years experience.","Problem-solving, Adaptability, Teamwork, Communication, Time management, Industry-specific technical knowledge."
Legal,Junior Executive,"Diploma or Bachelor's Degree in related field, 1-2 years experience.","Problem-solving, Adaptability, Teamwork, Communication, Time management, Industry-specific technical knowledge."
Banking and Finance,Senior Executive,"Bachelor's Degree in related field, Professional Certification often required, 5+ years experience.","Problem-solving, Adaptability, Teamwork, Communication, Time management, Industry-specific technical knowledge."
Education and Training,Senior Executive,"Bachelor's Degree in related field, Professional Certification often required, 5+ years experience.","Curriculum development, Classroom management, Instructional skills, Student assessment, Communication, Subject matter expertise."
Personal Care / Beauty,Junior Executive,"Diploma or Bachelor's Degree in related field, 1-2 years experience.","Problem-solving, Adaptability, Teamwork, Communication, Time management, Industry-specific technical knowledge."
Logistics / Supply Chain,Manager,"Bachelor's Degree, 5-8 years experience, Team management skills.","Inventory control, Warehouse management, Supply chain optimization, Logistics software, Shipping/Receiving coordination."
Manufacturing,Middle Management,"Bachelor's or Master's Degree, Leadership training, 8-10 years experience.","Production planning, Lean manufacturing, Six Sigma, Quality control, Equipment maintenance, Safety protocols."
Professional Services,Professional,"Specialized Certification or Professional License (e.g., CPA, PE, PMP).","Problem-solving, Adaptability, Teamwork, Communication, Time management, Industry-specific technical knowledge."
Medical / Therapy Services,Executive,"Bachelor's Degree in related field, 2-4 years experience.","Problem-solving, Adaptability, Teamwork, Communication, Time management, Industry-specific technical knowledge."
Architecture / Interior Design,Senior Executive,"Bachelor's Degree in related field, Professional Certification often required, 5+ years experience.","Programming languages (Java, Python, C++, SQL), Software Development Life Cycle (SDLC), Cloud computing (AWS/Azure), Cybersecurity, Troubleshooting."
Manufacturing,Non-executive,"Bachelor's Degree in related field, 2-4 years experience.","Production planning, Lean manufacturing, Six Sigma, Quality control, Equipment maintenance, Safety protocols."
Consulting,Junior Executive,"Diploma or Bachelor's Degree in related field, 1-2 years experience.","Problem-solving, Adaptability, Teamwork, Communication, Time management, Industry-specific technical knowledge."
Repair and Maintenance,Executive,"Bachelor's Degree in related field, 2-4 years experience.","Problem-solving, Adaptability, Teamwork, Communication, Time management, Industry-specific technical knowledge."
Manufacturing,Fresh/entry level,"Diploma or Bachelor's Degree in related field, 0-1 years experience.","Production planning, Lean manufacturing, Six Sigma, Quality control, Equipment maintenance, Safety protocols."
Architecture / Interior Design,Manager,"Bachelor's Degree, 5-8 years experience, Team management skills.","Programming languages (Java, Python, C++, SQL), Software Development Life Cycle (SDLC), Cloud computing (AWS/Azure), Cybersecurity, Troubleshooting."
Real Estate / Property Management,Executive,"Bachelor's Degree in related field, 2-4 years experience.","Problem-solving, Adaptability, Teamwork, Communication, Time management, Industry-specific technical knowledge."
Consulting,Professional,"Specialized Certification or Professional License (e.g., CPA, PE, PMP).","Problem-solving, Adaptability, Teamwork, Communication, Time management, Industry-specific technical knowledge."
Logistics / Supply Chain,Senior Executive,"Bachelor's Degree in related field, Professional Certification often required, 5+ years experience.","Inventory control, Warehouse management, Supply chain optimization, Logistics software, Shipping/Receiving coordination."
Sciences / Laboratory / R&D,Fresh/entry level,"Diploma or Bachelor's Degree in related field, 0-1 years experience.","Problem-solving, Adaptability, Teamwork, Communication, Time management, Industry-specific technical knowledge."
Manufacturing,Junior Executive,"Diploma or Bachelor's Degree in related field, 1-2 years experience.","Production planning, Lean manufacturing, Six Sigma, Quality control, Equipment maintenance, Safety protocols."
General Management,Non-executive,"Bachelor's Degree in related field, 2-4 years experience.","Problem-solving, Adaptability, Teamwork, Communication, Time management, Industry-specific technical knowledge."
Human Resources,Non-executive,"Bachelor's Degree in related field, 2-4 years experience.","Recruitment, Payroll administration, Employee relations, Labor law knowledge, HRIS (e.g., Workday, SAP), Talent management."
Others,Senior Executive,"Bachelor's Degree in related field, Professional Certification often required, 5+ years experience.","Problem-solving, Adaptability, Teamwork, Communication, Time management, Industry-specific technical knowledge."
F&B,Senior Executive,"Bachelor's Degree in related field, Professional Certification often required, 5+ years experience.","Culinary skills, Customer service, Food safety & hygiene standards, Team coordination, Inventory management."
Education and Training,Junior Executive,"Diploma or Bachelor's Degree in related field, 1-2 years experience.","Curriculum development, Classroom management, Instructional skills, Student assessment, Communication, Subject matter expertise."
Manufacturing,Senior Executive,"Bachelor's Degree in related field, Professional Certification often required, 5+ years experience.","Production planning, Lean manufacturing, Six Sigma, Quality control, Equipment maintenance, Safety protocols."
Wholesale Trade,Manager,"Bachelor's Degree, 5-8 years experience, Team management skills.","Problem-solving, Adaptability, Teamwork, Communication, Time management, Industry-specific technical knowledge."
Manufacturing,Manager,"Bachelor's Degree, 5-8 years experience, Team management skills.","Production planning, Lean manufacturing, Six Sigma, Quality control, Equipment maintenance, Safety protocols."
Design,Junior Executive,"Diploma or Bachelor's Degree in related field, 1-2 years experience.","Problem-solving, Adaptability, Teamwork, Communication, Time management, Industry-specific technical knowledge."
Banking and Finance,Professional,"Specialized Certification or Professional License (e.g., CPA, PE, PMP).","Problem-solving, Adaptability, Teamwork, Communication, Time management, Industry-specific technical knowledge."
Repair and Maintenance,Junior Executive,"Diploma or Bachelor's Degree in related field, 1-2 years experience.","Problem-solving, Adaptability, Teamwork, Communication, Time management, Industry-specific technical knowledge."
General Management,Junior Executive,"Diploma or Bachelor's Degree in related field, 1-2 years experience.","Problem-solving, Adaptability, Teamwork, Communication, Time management, Industry-specific technical knowledge."
Hospitality,Manager,"Bachelor's Degree, 5-8 years experience, Team management skills.","Programming languages (Java, Python, C++, SQL), Software Development Life Cycle (SDLC), Cloud computing (AWS/Azure), Cybersecurity, Troubleshooting."
Building and Construction,Senior Management,"Master's Degree or MBA, Executive leadership experience, 12+ years experience.","Project coordination, Site supervision, Safety compliance (OSHA), Technical drawing interpretation, Budgeting, Vendor management."
Education and Training,Non-executive,"Bachelor's Degree in related field, 2-4 years experience.","Curriculum development, Classroom management, Instructional skills, Student assessment, Communication, Subject matter expertise."
Architecture / Interior Design,Fresh/entry level,"Diploma or Bachelor's Degree in related field, 0-1 years experience.","Programming languages (Java, Python, C++, SQL), Software Development Life Cycle (SDLC), Cloud computing (AWS/Azure), Cybersecurity, Troubleshooting."
Legal,Professional,"Specialized Certification or Professional License (e.g., CPA, PE, PMP).","Problem-solving, Adaptability, Teamwork, Communication, Time management, Industry-specific technical knowledge."
Purchasing / Merchandising,Junior Executive,"Diploma or Bachelor's Degree in related field, 1-2 years experience.","Problem-solving, Adaptability, Teamwork, Communication, Time management, Industry-specific technical knowledge."
General Work,Fresh/entry level,"Diploma or Bachelor's Degree in related field, 0-1 years experience.","Problem-solving, Adaptability, Teamwork, Communication, Time management, Industry-specific technical knowledge."
Medical / Therapy Services,Junior Executive,"Diploma or Bachelor's Degree in related field, 1-2 years experience.","Problem-solving, Adaptability, Teamwork, Communication, Time management, Industry-specific technical knowledge."
Insurance,Executive,"Bachelor's Degree in related field, 2-4 years experience.","Problem-solving, Adaptability, Teamwork, Communication, Time management, Industry-specific technical knowledge."
Professional Services,Executive,"Bachelor's Degree in related field, 2-4 years experience.","Problem-solving, Adaptability, Teamwork, Communication, Time management, Industry-specific technical knowledge."
Risk Management,Executive,"Bachelor's Degree in related field, 2-4 years experience.","Problem-solving, Adaptability, Teamwork, Communication, Time management, Industry-specific technical knowledge."
General Work,Executive,"Bachelor's Degree in related field, 2-4 years experience.","Problem-solving, Adaptability, Teamwork, Communication, Time management, Industry-specific technical knowledge."
Sales / Retail,Middle Management,"Bachelor's or Master's Degree, Leadership training, 8-10 years experience.","Negotiation, Customer service, Client relationship management (CRM), Product knowledge, Persuasion, Sales forecasting."
Risk Management,Manager,"Bachelor's Degree, 5-8 years experience, Team management skills.","Problem-solving, Adaptability, Teamwork, Communication, Time management, Industry-specific technical knowledge."
Healthcare / Pharmaceutical,Manager,"Bachelor's Degree, 5-8 years experience, Team management skills.","Patient care, Clinical knowledge, Medical record keeping, Communication, Empathy, Compliance with health regulations."
Repair and Maintenance,Professional,"Specialized Certification or Professional License (e.g., CPA, PE, PMP).","Problem-solving, Adaptability, Teamwork, Communication, Time management, Industry-specific technical knowledge."
Personal Care / Beauty,Fresh/entry level,"Diploma or Bachelor's Degree in related field, 0-1 years experience.","Problem-solving, Adaptability, Teamwork, Communication, Time management, Industry-specific technical knowledge."
Environment / Health,Junior Executive,"Diploma or Bachelor's Degree in related field, 1-2 years experience.","Problem-solving, Adaptability, Teamwork, Communication, Time management, Industry-specific technical knowledge."
Professional Services,Manager,"Bachelor's Degree, 5-8 years experience, Team management skills.","Problem-solving, Adaptability, Teamwork, Communication, Time management, Industry-specific technical knowledge."
Events / Promotions,Fresh/entry level,"Diploma or Bachelor's Degree in related field, 0-1 years experience.","Problem-solving, Adaptability, Teamwork, Communication, Time management, Industry-specific technical knowledge."
Wholesale Trade,Non-executive,"Bachelor's Degree in related field, 2-4 years experience.","Problem-solving, Adaptability, Teamwork, Communication, Time management, Industry-specific technical knowledge."
Medical / Therapy Services,Professional,"Specialized Certification or Professional License (e.g., CPA, PE, PMP).","Problem-solving, Adaptability, Teamwork, Communication, Time management, Industry-specific technical knowledge."
Accounting / Auditing / Taxation,Senior Management,"Master's Degree or MBA, Executive leadership experience, 12+ years experience.","Financial reporting, GAAP/IFRS, Tax preparation, Microsoft Excel, Auditing, Analytical thinking, Attention to detail."
Purchasing / Merchandising,Manager,"Bachelor's Degree, 5-8 years experience, Team management skills.","Problem-solving, Adaptability, Teamwork, Communication, Time management, Industry-specific technical knowledge."
Building and Construction,Fresh/entry level,"Diploma or Bachelor's Degree in related field, 0-1 years experience.","Project coordination, Site supervision, Safety compliance (OSHA), Technical drawing interpretation, Budgeting, Vendor management."
Repair and Maintenance,Fresh/entry level,"Diploma or Bachelor's Degree in related field, 0-1 years experience.","Problem-solving, Adaptability, Teamwork, Communication, Time management, Industry-specific technical knowledge."
F&B,Senior Management,"Master's Degree or MBA, Executive leadership experience, 12+ years experience.","Culinary skills, Customer service, Food safety & hygiene standards, Team coordination, Inventory management."
Entertainment,Junior Executive,"Diploma or Bachelor's Degree in related field, 1-2 years experience.","Problem-solving, Adaptability, Teamwork, Communication, Time management, Industry-specific technical knowledge."
Environment / Health,Executive,"Bachelor's Degree in related field, 2-4 years experience.","Problem-solving, Adaptability, Teamwork, Communication, Time management, Industry-specific technical knowledge."
Education and Training,Professional,"Specialized Certification or Professional License (e.g., CPA, PE, PMP).","Curriculum development, Classroom management, Instructional skills, Student assessment, Communication, Subject matter expertise."
Healthcare / Pharmaceutical,Senior Executive,"Bachelor's Degree in related field, Professional Certification often required, 5+ years experience.","Patient care, Clinical knowledge, Medical record keeping, Communication, Empathy, Compliance with health regulations."
Hospitality,Non-executive,"Bachelor's Degree in related field, 2-4 years experience.","Programming languages (Java, Python, C++, SQL), Software Development Life Cycle (SDLC), Cloud computing (AWS/Azure), Cybersecurity, Troubleshooting."
Environment / Health,Professional,"Specialized Certification or Professional License (e.g., CPA, PE, PMP).","Problem-solving, Adaptability, Teamwork, Communication, Time management, Industry-specific technical knowledge."
Wholesale Trade,Junior Executive,"Diploma or Bachelor's Degree in related field, 1-2 years experience.","Problem-solving, Adaptability, Teamwork, Communication, Time management, Industry-specific technical knowledge."
Hospitality,Executive,"Bachelor's Degree in related field, 2-4 years experience.","Programming languages (Java, Python, C++, SQL), Software Development Life Cycle (SDLC), Cloud computing (AWS/Azure), Cybersecurity, Troubleshooting."
Environment / Health,Senior Executive,"Bachelor's Degree in related field, Professional Certification often required, 5+ years experience.","Problem-solving, Adaptability, Teamwork, Communication, Time management, Industry-specific technical knowledge."
Advertising / Media,Manager,"Bachelor's Degree, 5-8 years experience, Team management skills.","Problem-solving, Adaptability, Teamwork, Communication, Time management, Industry-specific technical knowledge."
Real Estate / Property Management,Junior Executive,"Diploma or Bachelor's Degree in related field, 1-2 years experience.","Problem-solving, Adaptability, Teamwork, Communication, Time management, Industry-specific technical knowledge."
Real Estate / Property Management,Manager,"Bachelor's Degree, 5-8 years experience, Team management skills.","Problem-solving, Adaptability, Teamwork, Communication, Time management, Industry-specific technical knowledge."
Others,Middle Management,"Bachelor's or Master's Degree, Leadership training, 8-10 years experience.","Problem-solving, Adaptability, Teamwork, Communication, Time management, Industry-specific technical knowledge."
Professional Services,Junior Executive,"Diploma or Bachelor's Degree in related field, 1-2 years experience.","Problem-solving, Adaptability, Teamwork, Communication, Time management, Industry-specific technical knowledge."
Personal Care / Beauty,Manager,"Bachelor's Degree, 5-8 years experience, Team management skills.","Problem-solving, Adaptability, Teamwork, Communication, Time management, Industry-specific technical knowledge."
Building and Construction,Middle Management,"Bachelor's or Master's Degree, Leadership training, 8-10 years experience.","Project coordination, Site supervision, Safety compliance (OSHA), Technical drawing interpretation, Budgeting, Vendor management."
Information Technology,Middle Management,"Bachelor's or Master's Degree, Leadership training, 8-10 years experience.","Programming languages (Java, Python, C++, SQL), Software Development Life Cycle (SDLC), Cloud computing (AWS/Azure), Cybersecurity, Troubleshooting."
Social Services,Professional,"Specialized Certification or Professional License (e.g., CPA, PE, PMP).","Problem-solving, Adaptability, Teamwork, Communication, Time management, Industry-specific technical knowledge."
Entertainment,Non-executive,"Bachelor's Degree in related field, 2-4 years experience.","Problem-solving, Adaptability, Teamwork, Communication, Time management, Industry-specific technical knowledge."
Design,Manager,"Bachelor's Degree, 5-8 years experience, Team management skills.","Problem-solving, Adaptability, Teamwork, Communication, Time management, Industry-specific technical knowledge."
Marketing / Public Relations,Non-executive,"Bachelor's Degree in related field, 2-4 years experience.","Social media management, Digital marketing (SEO/SEM), Content creation, Market research, Communication, Branding, Analytics."
Sciences / Laboratory / R&D,Junior Executive,"Diploma or Bachelor's Degree in related field, 1-2 years experience.","Problem-solving, Adaptability, Teamwork, Communication, Time management, Industry-specific technical knowledge."
Events / Promotions,Manager,"Bachelor's Degree, 5-8 years experience, Team management skills.","Problem-solving, Adaptability, Teamwork, Communication, Time management, Industry-specific technical knowledge."
Engineering,Middle Management,"Bachelor's or Master's Degree, Leadership training, 8-10 years experience.","Technical analysis, Problem-solving, CAD/CAM software, Project management, Technical documentation, Quality assurance."
Medical / Therapy Services,Fresh/entry level,"Diploma or Bachelor's Degree in related field, 0-1 years experience.","Problem-solving, Adaptability, Teamwork, Communication, Time management, Industry-specific technical knowledge."
Entertainment,Professional,"Specialized Certification or Professional License (e.g., CPA, PE, PMP).","Problem-solving, Adaptability, Teamwork, Communication, Time management, Industry-specific technical knowledge."
Admin / Secretarial,Middle Management,"Bachelor's or Master's Degree, Leadership training, 8-10 years experience.","Office administration, Microsoft Office Suite, Scheduling, Verbal & Written Communication, Organization, Multi-tasking."
Entertainment,Manager,"Bachelor's Degree, 5-8 years experience, Team management skills.","Problem-solving, Adaptability, Teamwork, Communication, Time management, Industry-specific technical knowledge."
Security and Investigation,Executive,"Bachelor's Degree in related field, 2-4 years experience.","Programming languages (Java, Python, C++, SQL), Software Development Life Cycle (SDLC), Cloud computing (AWS/Azure), Cybersecurity, Troubleshooting."
Entertainment,Fresh/entry level,"Diploma or Bachelor's Degree in related field, 0-1 years experience.","Problem-solving, Adaptability, Teamwork, Communication, Time management, Industry-specific technical knowledge."
Banking and Finance,Non-executive,"Bachelor's Degree in related field, 2-4 years experience.","Problem-solving, Adaptability, Teamwork, Communication, Time management, Industry-specific technical knowledge."
Environment / Health,Non-executive,"Bachelor's Degree in related field, 2-4 years experience.","Problem-solving, Adaptability, Teamwork, Communication, Time management, Industry-specific technical knowledge."
Real Estate / Property Management,Non-executive,"Bachelor's Degree in related field, 2-4 years experience.","Problem-solving, Adaptability, Teamwork, Communication, Time management, Industry-specific technical knowledge."
Social Services,Senior Executive,"Bachelor's Degree in related field, Professional Certification often required, 5+ years experience.","Problem-solving, Adaptability, Teamwork, Communication, Time management, Industry-specific technical knowledge."
Purchasing / Merchandising,Senior Executive,"Bachelor's Degree in related field, Professional Certification often required, 5+ years experience.","Problem-solving, Adaptability, Teamwork, Communication, Time management, Industry-specific technical knowledge."
Repair and Maintenance,Manager,"Bachelor's Degree, 5-8 years experience, Team management skills.","Problem-solving, Adaptability, Teamwork, Communication, Time management, Industry-specific technical knowledge."
Hospitality,Senior Executive,"Bachelor's Degree in related field, Professional Certification often required, 5+ years experience.","Programming languages (Java, Python, C++, SQL), Software Development Life Cycle (SDLC), Cloud computing (AWS/Azure), Cybersecurity, Troubleshooting."
Architecture / Interior Design,Non-executive,"Bachelor's Degree in related field, 2-4 years experience.","Programming languages (Java, Python, C++, SQL), Software Development Life Cycle (SDLC), Cloud computing (AWS/Azure), Cybersecurity, Troubleshooting."
Hospitality,Junior Executive,"Diploma or Bachelor's Degree in related field, 1-2 years experience.","Programming languages (Java, Python, C++, SQL), Software Development Life Cycle (SDLC), Cloud computing (AWS/Azure), Cybersecurity, Troubleshooting."
Wholesale Trade,Middle Management,"Bachelor's or Master's Degree, Leadership training, 8-10 years experience.","Problem-solving, Adaptability, Teamwork, Communication, Time management, Industry-specific technical knowledge."
Engineering,Senior Management,"Master's Degree or MBA, Executive leadership experience, 12+ years experience.","Technical analysis, Problem-solving, CAD/CAM software, Project management, Technical documentation, Quality assurance."
Medical / Therapy Services,Non-executive,"Bachelor's Degree in related field, 2-4 years experience.","Problem-solving, Adaptability, Teamwork, Communication, Time management, Industry-specific technical knowledge."
Architecture / Interior Design,Professional,"Specialized Certification or Professional License (e.g., CPA, PE, PMP).","Programming languages (Java, Python, C++, SQL), Software Development Life Cycle (SDLC), Cloud computing (AWS/Azure), Cybersecurity, Troubleshooting."
Events / Promotions,Non-executive,"Bachelor's Degree in related field, 2-4 years experience.","Problem-solving, Adaptability, Teamwork, Communication, Time management, Industry-specific technical knowledge."
Environment / Health,Manager,"Bachelor's Degree, 5-8 years experience, Team management skills.","Problem-solving, Adaptability, Teamwork, Communication, Time management, Industry-specific technical knowledge."
Professional Services,Senior Executive,"Bachelor's Degree in related field, Professional Certification often required, 5+ years experience.","Problem-solving, Adaptability, Teamwork, Communication, Time management, Industry-specific technical knowledge."
General Management,Middle Management,"Bachelor's or Master's Degree, Leadership training, 8-10 years experience.","Problem-solving, Adaptability, Teamwork, Communication, Time management, Industry-specific technical knowledge."
Information Technology,Senior Management,"Master's Degree or MBA, Executive leadership experience, 12+ years experience.","Programming languages (Java, Python, C++, SQL), Software Development Life Cycle (SDLC), Cloud computing (AWS/Azure), Cybersecurity, Troubleshooting."
Insurance,Fresh/entry level,"Diploma or Bachelor's Degree in related field, 0-1 years experience.","Problem-solving, Adaptability, Teamwork, Communication, Time management, Industry-specific technical knowledge."
Accounting / Auditing / Taxation,Middle Management,"Bachelor's or Master's Degree, Leadership training, 8-10 years experience.","Financial reporting, GAAP/IFRS, Tax preparation, Microsoft Excel, Auditing, Analytical thinking, Attention to detail."
Logistics / Supply Chain,Professional,"Specialized Certification or Professional License (e.g., CPA, PE, PMP).","Inventory control, Warehouse management, Supply chain optimization, Logistics software, Shipping/Receiving coordination."
Medical / Therapy Services,Manager,"Bachelor's Degree, 5-8 years experience, Team management skills.","Problem-solving, Adaptability, Teamwork, Communication, Time management, Industry-specific technical knowledge."
Customer Service,Professional,"Specialized Certification or Professional License (e.g., CPA, PE, PMP).","Problem-solving, Adaptability, Teamwork, Communication, Time management, Industry-specific technical knowledge."
Design,Fresh/entry level,"Diploma or Bachelor's Degree in related field, 0-1 years experience.","Problem-solving, Adaptability, Teamwork, Communication, Time management, Industry-specific technical knowledge."
Wholesale Trade,Fresh/entry level,"Diploma or Bachelor's Degree in related field, 0-1 years experience.","Problem-solving, Adaptability, Teamwork, Communication, Time management, Industry-specific technical knowledge."
Environment / Health,Senior Management,"Master's Degree or MBA, Executive leadership experience, 12+ years experience.","Problem-solving, Adaptability, Teamwork, Communication, Time management, Industry-specific technical knowledge."
Human Resources,Senior Management,"Master's Degree or MBA, Executive leadership experience, 12+ years experience.","Recruitment, Payroll administration, Employee relations, Labor law knowledge, HRIS (e.g., Workday, SAP), Talent management."
Social Services,Junior Executive,"Diploma or Bachelor's Degree in related field, 1-2 years experience.","Problem-solving, Adaptability, Teamwork, Communication, Time management, Industry-specific technical knowledge."
Travel / Tourism,Executive,"Bachelor's Degree in related field, 2-4 years experience.","Problem-solving, Adaptability, Teamwork, Communication, Time management, Industry-specific technical knowledge."
Banking and Finance,Senior Management,"Master's Degree or MBA, Executive leadership experience, 12+ years experience.","Problem-solving, Adaptability, Teamwork, Communication, Time management, Industry-specific technical knowledge."
General Work,Junior Executive,"Diploma or Bachelor's Degree in related field, 1-2 years experience.","Problem-solving, Adaptability, Teamwork, Communication, Time management, Industry-specific technical knowledge."
Human Resources,Professional,"Specialized Certification or Professional License (e.g., CPA, PE, PMP).","Recruitment, Payroll administration, Employee relations, Labor law knowledge, HRIS (e.g., Workday, SAP), Talent management."
Sciences / Laboratory / R&D,Executive,"Bachelor's Degree in related field, 2-4 years experience.","Problem-solving, Adaptability, Teamwork, Communication, Time management, Industry-specific technical knowledge."
Design,Senior Executive,"Bachelor's Degree in related field, Professional Certification often required, 5+ years experience.","Problem-solving, Adaptability, Teamwork, Communication, Time management, Industry-specific technical knowledge."
Repair and Maintenance,Senior Executive,"Bachelor's Degree in related field, Professional Certification often required, 5+ years experience.","Problem-solving, Adaptability, Teamwork, Communication, Time management, Industry-specific technical knowledge."
Travel / Tourism,Non-executive,"Bachelor's Degree in related field, 2-4 years experience.","Problem-solving, Adaptability, Teamwork, Communication, Time management, Industry-specific technical knowledge."
General Work,Manager,"Bachelor's Degree, 5-8 years experience, Team management skills.","Problem-solving, Adaptability, Teamwork, Communication, Time management, Industry-specific technical knowledge."
Sciences / Laboratory / R&D,Non-executive,"Bachelor's Degree in related field, 2-4 years experience.","Problem-solving, Adaptability, Teamwork, Communication, Time management, Industry-specific technical knowledge."
Security and Investigation,Fresh/entry level,"Diploma or Bachelor's Degree in related field, 0-1 years experience.","Programming languages (Java, Python, C++, SQL), Software Development Life Cycle (SDLC), Cloud computing (AWS/Azure), Cybersecurity, Troubleshooting."
Advertising / Media,Non-executive,"Bachelor's Degree in related field, 2-4 years experience.","Problem-solving, Adaptability, Teamwork, Communication, Time management, Industry-specific technical knowledge."
General Management,Senior Executive,"Bachelor's Degree in related field, Professional Certification often required, 5+ years experience.","Problem-solving, Adaptability, Teamwork, Communication, Time management, Industry-specific technical knowledge."
Precision Engineering,Non-executive,"Bachelor's Degree in related field, 2-4 years experience.","Technical analysis, Problem-solving, CAD/CAM software, Project management, Technical documentation, Quality assurance."
Hospitality,Senior Management,"Master's Degree or MBA, Executive leadership experience, 12+ years experience.","Programming languages (Java, Python, C++, SQL), Software Development Life Cycle (SDLC), Cloud computing (AWS/Azure), Cybersecurity, Troubleshooting."
Information Technology,Non-executive,"Bachelor's Degree in related field, 2-4 years experience.","Programming languages (Java, Python, C++, SQL), Software Development Life Cycle (SDLC), Cloud computing (AWS/Azure), Cybersecurity, Troubleshooting."
Sales / Retail,Professional,"Specialized Certification or Professional License (e.g., CPA, PE, PMP).","Negotiation, Customer service, Client relationship management (CRM), Product knowledge, Persuasion, Sales forecasting."
Consulting,Senior Management,"Master's Degree or MBA, Executive leadership experience, 12+ years experience.","Problem-solving, Adaptability, Teamwork, Communication, Time management, Industry-specific technical knowledge."
Precision Engineering,Junior Executive,"Diploma or Bachelor's Degree in related field, 1-2 years experience.","Technical analysis, Problem-solving, CAD/CAM software, Project management, Technical documentation, Quality assurance."
Social Services,Non-executive,"Bachelor's Degree in related field, 2-4 years experience.","Problem-solving, Adaptability, Teamwork, Communication, Time management, Industry-specific technical knowledge."
Telecommunications,Fresh/entry level,"Diploma or Bachelor's Degree in related field, 0-1 years experience.","Problem-solving, Adaptability, Teamwork, Communication, Time management, Industry-specific technical knowledge."
Precision Engineering,Executive,"Bachelor's Degree in related field, 2-4 years experience.","Technical analysis, Problem-solving, CAD/CAM software, Project management, Technical documentation, Quality assurance."
Precision Engineering,Manager,"Bachelor's Degree, 5-8 years experience, Team management skills.","Technical analysis, Problem-solving, CAD/CAM software, Project management, Technical documentation, Quality assurance."
Telecommunications,Manager,"Bachelor's Degree, 5-8 years experience, Team management skills.","Problem-solving, Adaptability, Teamwork, Communication, Time management, Industry-specific technical knowledge."
Education and Training,Manager,"Bachelor's Degree, 5-8 years experience, Team management skills.","Curriculum development, Classroom management, Instructional skills, Student assessment, Communication, Subject matter expertise."
Telecommunications,Junior Executive,"Diploma or Bachelor's Degree in related field, 1-2 years experience.","Problem-solving, Adaptability, Teamwork, Communication, Time management, Industry-specific technical knowledge."
Insurance,Junior Executive,"Diploma or Bachelor's Degree in related field, 1-2 years experience.","Problem-solving, Adaptability, Teamwork, Communication, Time management, Industry-specific technical knowledge."
Precision Engineering,Senior Executive,"Bachelor's Degree in related field, Professional Certification often required, 5+ years experience.","Technical analysis, Problem-solving, CAD/CAM software, Project management, Technical documentation, Quality assurance."
Manufacturing,Professional,"Specialized Certification or Professional License (e.g., CPA, PE, PMP).","Production planning, Lean manufacturing, Six Sigma, Quality control, Equipment maintenance, Safety protocols."
Personal Care / Beauty,Senior Executive,"Bachelor's Degree in related field, Professional Certification often required, 5+ years experience.","Problem-solving, Adaptability, Teamwork, Communication, Time management, Industry-specific technical knowledge."
Customer Service,Senior Management,"Master's Degree or MBA, Executive leadership experience, 12+ years experience.","Problem-solving, Adaptability, Teamwork, Communication, Time management, Industry-specific technical knowledge."
Hospitality,Middle Management,"Bachelor's or Master's Degree, Leadership training, 8-10 years experience.","Programming languages (Java, Python, C++, SQL), Software Development Life Cycle (SDLC), Cloud computing (AWS/Azure), Cybersecurity, Troubleshooting."
Human Resources,Middle Management,"Bachelor's or Master's Degree, Leadership training, 8-10 years experience.","Recruitment, Payroll administration, Employee relations, Labor law knowledge, HRIS (e.g., Workday, SAP), Talent management."
Security and Investigation,Junior Executive,"Diploma or Bachelor's Degree in related field, 1-2 years experience.","Programming languages (Java, Python, C++, SQL), Software Development Life Cycle (SDLC), Cloud computing (AWS/Azure), Cybersecurity, Troubleshooting."
Wholesale Trade,Senior Executive,"Bachelor's Degree in related field, Professional Certification often required, 5+ years experience.","Problem-solving, Adaptability, Teamwork, Communication, Time management, Industry-specific technical knowledge."
Design,Non-executive,"Bachelor's Degree in related field, 2-4 years experience.","Problem-solving, Adaptability, Teamwork, Communication, Time management, Industry-specific technical knowledge."
Legal,Manager,"Bachelor's Degree, 5-8 years experience, Team management skills.","Problem-solving, Adaptability, Teamwork, Communication, Time management, Industry-specific technical knowledge."
Professional Services,Non-executive,"Bachelor's Degree in related field, 2-4 years experience.","Problem-solving, Adaptability, Teamwork, Communication, Time management, Industry-specific technical knowledge."
Risk Management,Senior Executive,"Bachelor's Degree in related field, Professional Certification often required, 5+ years experience.","Problem-solving, Adaptability, Teamwork, Communication, Time management, Industry-specific technical knowledge."
Purchasing / Merchandising,Non-executive,"Bachelor's Degree in related field, 2-4 years experience.","Problem-solving, Adaptability, Teamwork, Communication, Time management, Industry-specific technical knowledge."
Events / Promotions,Senior Executive,"Bachelor's Degree in related field, Professional Certification often required, 5+ years experience.","Problem-solving, Adaptability, Teamwork, Communication, Time management, Industry-specific technical knowledge."
Public / Civil Service,Manager,"Bachelor's Degree, 5-8 years experience, Team management skills.","Problem-solving, Adaptability, Teamwork, Communication, Time management, Industry-specific technical knowledge."
Telecommunications,Executive,"Bachelor's Degree in related field, 2-4 years experience.","Problem-solving, Adaptability, Teamwork, Communication, Time management, Industry-specific technical knowledge."
Admin / Secretarial,Professional,"Specialized Certification or Professional License (e.g., CPA, PE, PMP).","Office administration, Microsoft Office Suite, Scheduling, Verbal & Written Communication, Organization, Multi-tasking."
Advertising / Media,Professional,"Specialized Certification or Professional License (e.g., CPA, PE, PMP).","Problem-solving, Adaptability, Teamwork, Communication, Time management, Industry-specific technical knowledge."
Healthcare / Pharmaceutical,Middle Management,"Bachelor's or Master's Degree, Leadership training, 8-10 years experience.","Patient care, Clinical knowledge, Medical record keeping, Communication, Empathy, Compliance with health regulations."
Marketing / Public Relations,Professional,"Specialized Certification or Professional License (e.g., CPA, PE, PMP).","Social media management, Digital marketing (SEO/SEM), Content creation, Market research, Communication, Branding, Analytics."
Others,Senior Management,"Master's Degree or MBA, Executive leadership experience, 12+ years experience.","Problem-solving, Adaptability, Teamwork, Communication, Time management, Industry-specific technical knowledge."
Travel / Tourism,Junior Executive,"Diploma or Bachelor's Degree in related field, 1-2 years experience.","Problem-solving, Adaptability, Teamwork, Communication, Time management, Industry-specific technical knowledge."
Advertising / Media,Senior Executive,"Bachelor's Degree in related field, Professional Certification often required, 5+ years experience.","Problem-solving, Adaptability, Teamwork, Communication, Time management, Industry-specific technical knowledge."
Insurance,Manager,"Bachelor's Degree, 5-8 years experience, Team management skills.","Problem-solving, Adaptability, Teamwork, Communication, Time management, Industry-specific technical knowledge."
Sciences / Laboratory / R&D,Manager,"Bachelor's Degree, 5-8 years experience, Team management skills.","Problem-solving, Adaptability, Teamwork, Communication, Time management, Industry-specific technical knowledge."
Entertainment,Executive,"Bachelor's Degree in related field, 2-4 years experience.","Problem-solving, Adaptability, Teamwork, Communication, Time management, Industry-specific technical knowledge."
Real Estate / Property Management,Fresh/entry level,"Diploma or Bachelor's Degree in related field, 0-1 years experience.","Problem-solving, Adaptability, Teamwork, Communication, Time management, Industry-specific technical knowledge."
Medical / Therapy Services,Senior Executive,"Bachelor's Degree in related field, Professional Certification often required, 5+ years experience.","Problem-solving, Adaptability, Teamwork, Communication, Time management, Industry-specific technical knowledge."
Customer Service,Middle Management,"Bachelor's or Master's Degree, Leadership training, 8-10 years experience.","Problem-solving, Adaptability, Teamwork, Communication, Time management, Industry-specific technical knowledge."
Risk Management,Non-executive,"Bachelor's Degree in related field, 2-4 years experience.","Problem-solving, Adaptability, Teamwork, Communication, Time management, Industry-specific technical knowledge."
Real Estate / Property Management,Senior Executive,"Bachelor's Degree in related field, Professional Certification often required, 5+ years experience.","Problem-solving, Adaptability, Teamwork, Communication, Time management, Industry-specific technical knowledge."
Sciences / Laboratory / R&D,Senior Executive,"Bachelor's Degree in related field, Professional Certification often required, 5+ years experience.","Problem-solving, Adaptability, Teamwork, Communication, Time management, Industry-specific technical knowledge."
General Work,Middle Management,"Bachelor's or Master's Degree, Leadership training, 8-10 years experience.","Problem-solving, Adaptability, Teamwork, Communication, Time management, Industry-specific technical knowledge."
Consulting,Middle Management,"Bachelor's or Master's Degree, Leadership training, 8-10 years experience.","Problem-solving, Adaptability, Teamwork, Communication, Time management, Industry-specific technical knowledge."
Design,Professional,"Specialized Certification or Professional License (e.g., CPA, PE, PMP).","Problem-solving, Adaptability, Teamwork, Communication, Time management, Industry-specific technical knowledge."
Legal,Non-executive,"Bachelor's Degree in related field, 2-4 years experience.","Problem-solving, Adaptability, Teamwork, Communication, Time management, Industry-specific technical knowledge."
Precision Engineering,Fresh/entry level,"Diploma or Bachelor's Degree in related field, 0-1 years experience.","Technical analysis, Problem-solving, CAD/CAM software, Project management, Technical documentation, Quality assurance."
Professional Services,Senior Management,"Master's Degree or MBA, Executive leadership experience, 12+ years experience.","Problem-solving, Adaptability, Teamwork, Communication, Time management, Industry-specific technical knowledge."
Travel / Tourism,Manager,"Bachelor's Degree, 5-8 years experience, Team management skills.","Problem-solving, Adaptability, Teamwork, Communication, Time management, Industry-specific technical knowledge."
Banking and Finance,Middle Management,"Bachelor's or Master's Degree, Leadership training, 8-10 years experience.","Problem-solving, Adaptability, Teamwork, Communication, Time management, Industry-specific technical knowledge."
Public / Civil Service,Senior Management,"Master's Degree or MBA, Executive leadership experience, 12+ years experience.","Problem-solving, Adaptability, Teamwork, Communication, Time management, Industry-specific technical knowledge."
Risk Management,Professional,"Specialized Certification or Professional License (e.g., CPA, PE, PMP).","Problem-solving, Adaptability, Teamwork, Communication, Time management, Industry-specific technical knowledge."
Social Services,Fresh/entry level,"Diploma or Bachelor's Degree in related field, 0-1 years experience.","Problem-solving, Adaptability, Teamwork, Communication, Time management, Industry-specific technical knowledge."
Environment / Health,Fresh/entry level,"Diploma or Bachelor's Degree in related field, 0-1 years experience.","Problem-solving, Adaptability, Teamwork, Communication, Time management, Industry-specific technical knowledge."
Logistics / Supply Chain,Middle Management,"Bachelor's or Master's Degree, Leadership training, 8-10 years experience.","Inventory control, Warehouse management, Supply chain optimization, Logistics software, Shipping/Receiving coordination."
Purchasing / Merchandising,Fresh/entry level,"Diploma or Bachelor's Degree in related field, 0-1 years experience.","Problem-solving, Adaptability, Teamwork, Communication, Time management, Industry-specific technical knowledge."
Architecture / Interior Design,Middle Management,"Bachelor's or Master's Degree, Leadership training, 8-10 years experience.","Programming languages (Java, Python, C++, SQL), Software Development Life Cycle (SDLC), Cloud computing (AWS/Azure), Cybersecurity, Troubleshooting."
Personal Care / Beauty,Senior Management,"Master's Degree or MBA, Executive leadership experience, 12+ years experience.","Problem-solving, Adaptability, Teamwork, Communication, Time management, Industry-specific technical knowledge."
Security and Investigation,Manager,"Bachelor's Degree, 5-8 years experience, Team management skills.","Programming languages (Java, Python, C++, SQL), Software Development Life Cycle (SDLC), Cloud computing (AWS/Azure), Cybersecurity, Troubleshooting."
Security and Investigation,Senior Executive,"Bachelor's Degree in related field, Professional Certification often required, 5+ years experience.","Programming languages (Java, Python, C++, SQL), Software Development Life Cycle (SDLC), Cloud computing (AWS/Azure), Cybersecurity, Troubleshooting."
Telecommunications,Non-executive,"Bachelor's Degree in related field, 2-4 years experience.","Problem-solving, Adaptability, Teamwork, Communication, Time management, Industry-specific technical knowledge."
Hospitality,Professional,"Specialized Certification or Professional License (e.g., CPA, PE, PMP).","Programming languages (Java, Python, C++, SQL), Software Development Life Cycle (SDLC), Cloud computing (AWS/Azure), Cybersecurity, Troubleshooting."
Public / Civil Service,Junior Executive,"Diploma or Bachelor's Degree in related field, 1-2 years experience.","Problem-solving, Adaptability, Teamwork, Communication, Time management, Industry-specific technical knowledge."
Logistics / Supply Chain,Senior Management,"Master's Degree or MBA, Executive leadership experience, 12+ years experience.","Inventory control, Warehouse management, Supply chain optimization, Logistics software, Shipping/Receiving coordination."
Public / Civil Service,Professional,"Specialized Certification or Professional License (e.g., CPA, PE, PMP).","Problem-solving, Adaptability, Teamwork, Communication, Time management, Industry-specific technical knowledge."
Consulting,Non-executive,"Bachelor's Degree in related field, 2-4 years experience.","Problem-solving, Adaptability, Teamwork, Communication, Time management, Industry-specific technical knowledge."
Design,Senior Management,"Master's Degree or MBA, Executive leadership experience, 12+ years experience.","Problem-solving, Adaptability, Teamwork, Communication, Time management, Industry-specific technical knowledge."
Public / Civil Service,Executive,"Bachelor's Degree in related field, 2-4 years experience.","Problem-solving, Adaptability, Teamwork, Communication, Time management, Industry-specific technical knowledge."
Risk Management,Senior Management,"Master's Degree or MBA, Executive leadership experience, 12+ years experience.","Problem-solving, Adaptability, Teamwork, Communication, Time management, Industry-specific technical knowledge."
Architecture / Interior Design,Senior Management,"Master's Degree or MBA, Executive leadership experience, 12+ years experience.","Programming languages (Java, Python, C++, SQL), Software Development Life Cycle (SDLC), Cloud computing (AWS/Azure), Cybersecurity, Troubleshooting."
Risk Management,Junior Executive,"Diploma or Bachelor's Degree in related field, 1-2 years experience.","Problem-solving, Adaptability, Teamwork, Communication, Time management, Industry-specific technical knowledge."
Wholesale Trade,Senior Management,"Master's Degree or MBA, Executive leadership experience, 12+ years experience.","Problem-solving, Adaptability, Teamwork, Communication, Time management, Industry-specific technical knowledge."
Education and Training,Senior Management,"Master's Degree or MBA, Executive leadership experience, 12+ years experience.","Curriculum development, Classroom management, Instructional skills, Student assessment, Communication, Subject matter expertise."
Legal,Senior Management,"Master's Degree or MBA, Executive leadership experience, 12+ years experience.","Problem-solving, Adaptability, Teamwork, Communication, Time management, Industry-specific technical knowledge."
Insurance,Senior Executive,"Bachelor's Degree in related field, Professional Certification often required, 5+ years experience.","Problem-solving, Adaptability, Teamwork, Communication, Time management, Industry-specific technical knowledge."
Education and Training,Middle Management,"Bachelor's or Master's Degree, Leadership training, 8-10 years experience.","Curriculum development, Classroom management, Instructional skills, Student assessment, Communication, Subject matter expertise."
Events / Promotions,Middle Management,"Bachelor's or Master's Degree, Leadership training, 8-10 years experience.","Problem-solving, Adaptability, Teamwork, Communication, Time management, Industry-specific technical knowledge."
General Work,Senior Executive,"Bachelor's Degree in related field, Professional Certification often required, 5+ years experience.","Problem-solving, Adaptability, Teamwork, Communication, Time management, Industry-specific technical knowledge."
Manufacturing,Senior Management,"Master's Degree or MBA, Executive leadership experience, 12+ years experience.","Production planning, Lean manufacturing, Six Sigma, Quality control, Equipment maintenance, Safety protocols."
Professional Services,Middle Management,"Bachelor's or Master's Degree, Leadership training, 8-10 years experience.","Problem-solving, Adaptability, Teamwork, Communication, Time management, Industry-specific technical knowledge."
Legal,Middle Management,"Bachelor's or Master's Degree, Leadership training, 8-10 years experience.","Problem-solving, Adaptability, Teamwork, Communication, Time management, Industry-specific technical knowledge."
Telecommunications,Professional,"Specialized Certification or Professional License (e.g., CPA, PE, PMP).","Problem-solving, Adaptability, Teamwork, Communication, Time management, Industry-specific technical knowledge."
Wholesale Trade,Professional,"Specialized Certification or Professional License (e.g., CPA, PE, PMP).","Problem-solving, Adaptability, Teamwork, Communication, Time management, Industry-specific technical knowledge."
Advertising / Media,Middle Management,"Bachelor's or Master's Degree, Leadership training, 8-10 years experience.","Problem-solving, Adaptability, Teamwork, Communication, Time management, Industry-specific technical knowledge."
Healthcare / Pharmaceutical,Senior Management,"Master's Degree or MBA, Executive leadership experience, 12+ years experience.","Patient care, Clinical knowledge, Medical record keeping, Communication, Empathy, Compliance with health regulations."
Design,Middle Management,"Bachelor's or Master's Degree, Leadership training, 8-10 years experience.","Problem-solving, Adaptability, Teamwork, Communication, Time management, Industry-specific technical knowledge."
Real Estate / Property Management,Middle Management,"Bachelor's or Master's Degree, Leadership training, 8-10 years experience.","Problem-solving, Adaptability, Teamwork, Communication, Time management, Industry-specific technical knowledge."
Professional Services,Fresh/entry level,"Diploma or Bachelor's Degree in related field, 0-1 years experience.","Problem-solving, Adaptability, Teamwork, Communication, Time management, Industry-specific technical knowledge."
Risk Management,Middle Management,"Bachelor's or Master's Degree, Leadership training, 8-10 years experience.","Problem-solving, Adaptability, Teamwork, Communication, Time management, Industry-specific technical knowledge."
Public / Civil Service,Fresh/entry level,"Diploma or Bachelor's Degree in related field, 0-1 years experience.","Problem-solving, Adaptability, Teamwork, Communication, Time management, Industry-specific technical knowledge."
Security and Investigation,Professional,"Specialized Certification or Professional License (e.g., CPA, PE, PMP).","Programming languages (Java, Python, C++, SQL), Software Development Life Cycle (SDLC), Cloud computing (AWS/Azure), Cybersecurity, Troubleshooting."
Social Services,Manager,"Bachelor's Degree, 5-8 years experience, Team management skills.","Problem-solving, Adaptability, Teamwork, Communication, Time management, Industry-specific technical knowledge."
Insurance,Professional,"Specialized Certification or Professional License (e.g., CPA, PE, PMP).","Problem-solving, Adaptability, Teamwork, Communication, Time management, Industry-specific technical knowledge."
Social Services,Senior Management,"Master's Degree or MBA, Executive leadership experience, 12+ years experience.","Problem-solving, Adaptability, Teamwork, Communication, Time management, Industry-specific technical knowledge."
Advertising / Media,Senior Management,"Master's Degree or MBA, Executive leadership experience, 12+ years experience.","Problem-solving, Adaptability, Teamwork, Communication, Time management, Industry-specific technical knowledge."
Precision Engineering,Senior Management,"Master's Degree or MBA, Executive leadership experience, 12+ years experience.","Technical analysis, Problem-solving, CAD/CAM software, Project management, Technical documentation, Quality assurance."
Real Estate / Property Management,Professional,"Specialized Certification or Professional License (e.g., CPA, PE, PMP).","Problem-solving, Adaptability, Teamwork, Communication, Time management, Industry-specific technical knowledge."
Travel / Tourism,Senior Executive,"Bachelor's Degree in related field, Professional Certification often required, 5+ years experience.","Problem-solving, Adaptability, Teamwork, Communication, Time management, Industry-specific technical knowledge."
Events / Promotions,Senior Management,"Master's Degree or MBA, Executive leadership experience, 12+ years experience.","Problem-solving, Adaptability, Teamwork, Communication, Time management, Industry-specific technical knowledge."
Precision Engineering,Professional,"Specialized Certification or Professional License (e.g., CPA, PE, PMP).","Technical analysis, Problem-solving, CAD/CAM software, Project management, Technical documentation, Quality assurance."
Public / Civil Service,Senior Executive,"Bachelor's Degree in related field, Professional Certification often required, 5+ years experience.","Problem-solving, Adaptability, Teamwork, Communication, Time management, Industry-specific technical knowledge."
Repair and Maintenance,Middle Management,"Bachelor's or Master's Degree, Leadership training, 8-10 years experience.","Problem-solving, Adaptability, Teamwork, Communication, Time management, Industry-specific technical knowledge."
Events / Promotions,Professional,"Specialized Certification or Professional License (e.g., CPA, PE, PMP).","Problem-solving, Adaptability, Teamwork, Communication, Time management, Industry-specific technical knowledge."
General Work,Senior Management,"Master's Degree or MBA, Executive leadership experience, 12+ years experience.","Problem-solving, Adaptability, Teamwork, Communication, Time management, Industry-specific technical knowledge."
Insurance,Non-executive,"Bachelor's Degree in related field, 2-4 years experience.","Problem-solving, Adaptability, Teamwork, Communication, Time management, Industry-specific technical knowledge."
Real Estate / Property Management,Senior Management,"Master's Degree or MBA, Executive leadership experience, 12+ years experience.","Problem-solving, Adaptability, Teamwork, Communication, Time management, Industry-specific technical knowledge."
Travel / Tourism,Fresh/entry level,"Diploma or Bachelor's Degree in related field, 0-1 years experience.","Problem-solving, Adaptability, Teamwork, Communication, Time management, Industry-specific technical knowledge."
Entertainment,Senior Management,"Master's Degree or MBA, Executive leadership experience, 12+ years experience.","Problem-solving, Adaptability, Teamwork, Communication, Time management, Industry-specific technical knowledge."
Medical / Therapy Services,Middle Management,"Bachelor's or Master's Degree, Leadership training, 8-10 years experience.","Problem-solving, Adaptability, Teamwork, Communication, Time management, Industry-specific technical knowledge."
Purchasing / Merchandising,Professional,"Specialized Certification or Professional License (e.g., CPA, PE, PMP).","Problem-solving, Adaptability, Teamwork, Communication, Time management, Industry-specific technical knowledge."
Purchasing / Merchandising,Senior Management,"Master's Degree or MBA, Executive leadership experience, 12+ years experience.","Problem-solving, Adaptability, Teamwork, Communication, Time management, Industry-specific technical knowledge."
Travel / Tourism,Professional,"Specialized Certification or Professional License (e.g., CPA, PE, PMP).","Problem-solving, Adaptability, Teamwork, Communication, Time management, Industry-specific technical knowledge."
Environment / Health,Middle Management,"Bachelor's or Master's Degree, Leadership training, 8-10 years experience.","Problem-solving, Adaptability, Teamwork, Communication, Time management, Industry-specific technical knowledge."
Purchasing / Merchandising,Middle Management,"Bachelor's or Master's Degree, Leadership training, 8-10 years experience.","Problem-solving, Adaptability, Teamwork, Communication, Time management, Industry-specific technical knowledge."
Public / Civil Service,Middle Management,"Bachelor's or Master's Degree, Leadership training, 8-10 years experience.","Problem-solving, Adaptability, Teamwork, Communication, Time management, Industry-specific technical knowledge."
Repair and Maintenance,Senior Management,"Master's Degree or MBA, Executive leadership experience, 12+ years experience.","Problem-solving, Adaptability, Teamwork, Communication, Time management, Industry-specific technical knowledge."
Telecommunications,Middle Management,"Bachelor's or Master's Degree, Leadership training, 8-10 years experience.","Problem-solving, Adaptability, Teamwork, Communication, Time management, Industry-specific technical knowledge."
Entertainment,Middle Management,"Bachelor's or Master's Degree, Leadership training, 8-10 years experience.","Problem-solving, Adaptability, Teamwork, Communication, Time management, Industry-specific technical knowledge."
Insurance,Senior Management,"Master's Degree or MBA, Executive leadership experience, 12+ years experience.","Problem-solving, Adaptability, Teamwork, Communication, Time management, Industry-specific technical knowledge."
Travel / Tourism,Senior Management,"Master's Degree or MBA, Executive leadership experience, 12+ years experience.","Problem-solving, Adaptability, Teamwork, Communication, Time management, Industry-specific technical knowledge."
Travel / Tourism,Middle Management,"Bachelor's or Master's Degree, Leadership training, 8-10 years experience.","Problem-solving, Adaptability, Teamwork, Communication, Time management, Industry-specific technical knowledge."
Entertainment,Senior Executive,"Bachelor's Degree in related field, Professional Certification often required, 5+ years experience.","Problem-solving, Adaptability, Teamwork, Communication, Time management, Industry-specific technical knowledge."
Sciences / Laboratory / R&D,Middle Management,"Bachelor's or Master's Degree, Leadership training, 8-10 years experience.","Problem-solving, Adaptability, Teamwork, Communication, Time management, Industry-specific technical knowledge."
Medical / Therapy Services,Senior Management,"Master's Degree or MBA, Executive leadership experience, 12+ years experience.","Problem-solving, Adaptability, Teamwork, Communication, Time management, Industry-specific technical knowledge."
Public / Civil Service,Non-executive,"Bachelor's Degree in related field, 2-4 years experience.","Problem-solving, Adaptability, Teamwork, Communication, Time management, Industry-specific technical knowledge."
Social Services,Middle Management,"Bachelor's or Master's Degree, Leadership training, 8-10 years experience.","Problem-solving, Adaptability, Teamwork, Communication, Time management, Industry-specific technical knowledge."
Insurance,Middle Management,"Bachelor's or Master's Degree, Leadership training, 8-10 years experience.","Problem-solving, Adaptability, Teamwork, Communication, Time management, Industry-specific technical knowledge."
Risk Management,Fresh/entry level,"Diploma or Bachelor's Degree in related field, 0-1 years experience.","Problem-solving, Adaptability, Teamwork, Communication, Time management, Industry-specific technical knowledge."
Telecommunications,Senior Management,"Master's Degree or MBA, Executive leadership experience, 12+ years experience.","Problem-solving, Adaptability, Teamwork, Communication, Time management, Industry-specific technical knowledge."
Security and Investigation,Middle Management,"Bachelor's or Master's Degree, Leadership training, 8-10 years experience.","Programming languages (Java, Python, C++, SQL), Software Development Life Cycle (SDLC), Cloud computing (AWS/Azure), Cybersecurity, Troubleshooting."
